工作流文件,CSV文件,缺失数量
2025-03-28 16_50_29.json,2025-03-28 16_50_29.csv,7
2025-03-28 16_50_29.json,2025-03-28 16_50_29.csv,7
controlNet工作流(1).json,controlNet工作流(1).csv,7
controlNet工作流(1).json,controlNet工作流(1).csv,7
controlNet工作流.json,controlNet工作流.csv,7
controlNet工作流.json,controlNet工作流.csv,7
fill+redux-一致性模特+动作.json,fill+redux-一致性模特+动作.csv,13
fill+redux-一致性模特+动作.json,fill+redux-一致性模特+动作.csv,13
fill+redux-内衣模特.json,fill+redux-内衣模特.csv,8
fill+redux-内衣模特.json,fill+redux-内衣模特.csv,8
fill+redux-迁移万物-mockup-2.json,fill+redux-迁移万物-mockup-2.csv,6
fill+redux-迁移万物-mockup-2.json,fill+redux-迁移万物-mockup-2.csv,6
fill+redux-迁移万物-换衣.json,fill+redux-迁移万物-换衣.csv,6
fill+redux-迁移万物-换衣.json,fill+redux-迁移万物-换衣.csv,6
fill+redux-迁移万物-电商换背景.json,fill+redux-迁移万物-电商换背景.csv,8
fill+redux-迁移万物-电商换背景.json,fill+redux-迁移万物-电商换背景.csv,8
flux+sdxl+sd15-肖像制造机-sjxz00 .json,flux+sdxl+sd15-肖像制造机-sjxz00 .csv,13
flux+sdxl+sd15-肖像制造机-sjxz00 .json,flux+sdxl+sd15-肖像制造机-sjxz00 .csv,13
flux_kontext_dev_grouped (1).json,flux_kontext_dev_grouped (1).csv,1
flux_kontext_dev_grouped (1).json,flux_kontext_dev_grouped (1).csv,1
